<?xml version="1.0" encoding="UTF-8" ?>
<odoo>

    <record id="module_category_sale_admin" model="ir.module.category">
        <field name="name">Sale Admin</field>
        <field name="description">Category for Sale Admin user group</field>
        <field name="sequence">10</field>
    </record>

    <record id="group_sale_admin" model="res.groups">
        <field name="name">All Access Sale Admin</field>
        <field name="category_id" ref="managing_sales.module_category_sale_admin"/>
    </record>




</odoo>
